{
  "team": [
    {
       "name": "Team1 Toki4",
       "id": "mmi-t1-s4",
       "compatibility": {
          "score": 28.9,
          "comment": "From 'Team1 Toki4' to 'Team1 Toki4'\n'done!'"
       }
    }
    ,{
       "name": "Team1 Toki1",
       "id": "eyr-t1-s1",
       "compatibility": {
          "score": 25.5,
          "comment": "From 'Team1 Toki4' to 'Team1 Toki1'\n'done!'"
       }
    }
    ,{
       "name": "Team1 Toki3",
       "id": "pco-t1-s3",
       "compatibility": {
          "score": 24.2,
          "comment": "From 'Team1 Toki4' to 'Team1 Toki3'\n'done!'"
       }
    }
    ,{
       "name": "Team1 Toki2",
       "id": "ctc-t1-s2",
       "compatibility": {
          "score": 1.4,
          "comment": "From 'Team1 Toki4' to 'Team1 Toki2'\n'done!'"
       }
    }
  ],
  "extra_comments": "That's all! It was 'fun'! (said Team1 Toki4)"
}
