<?xml version="1.0" encoding="UTF-8"?>
<project-private xmlns="http://www.netbeans.org/ns/project-private/1">
    <editor-bookmarks xmlns="http://www.netbeans.org/ns/editor-bookmarks/2" lastBookmarkId="0"/>
    <open-files xmlns="http://www.netbeans.org/ns/projectui-open-files/2">
        <group>
            <file>file://sphinx.sfu.ca/jgc11/sfu-cmpt/cmpt-354/fall_2019/asn7/src/asn7/ConSingleton.java</file>
            <file>file://sphinx.sfu.ca/jgc11/sfu-cmpt/cmpt-354/fall_2019/asn7/src/asn7/MainMenu.java</file>
            <file>file://sphinx.sfu.ca/jgc11/sfu-cmpt/cmpt-354/fall_2019/asn7/src/asn7/BookListingsUI.java</file>
            <file>file://sphinx.sfu.ca/jgc11/sfu-cmpt/cmpt-354/fall_2019/asn7/src/asn7/SearchListingsUI.java</file>
            <file>file://sphinx.sfu.ca/jgc11/sfu-cmpt/cmpt-354/fall_2019/asn7/src/asn7/LoginUI.java</file>
        </group>
    </open-files>
</project-private>
